sample,fastq_1,fastq_2,strandedness
HSB100,/mnt/sas0/AD/lalli/nf_stage/trimmed_reads/HSB100_1_val_1.fq.gz,/mnt/sas0/AD/lalli/nf_stage/trimmed_reads/HSB100_2_val_2.fq.gz,reverse
HSB515,/mnt/sas0/AD/lalli/nf_stage/trimmed_reads/HSB102_1_val_1.fq.gz,/mnt/sas0/AD/lalli/nf_stage/trimmed_reads/HSB102_2_val_2.fq.gz,reverse
HSB105,/mnt/sas0/AD/lalli/nf_stage/trimmed_reads/HSB105_1_val_1.fq.gz,/mnt/sas0/AD/lalli/nf_stage/trimmed_reads/HSB105_2_val_2.fq.gz,reverse
HSB107,/mnt/sas0/AD/lalli/nf_stage/trimmed_reads/HSB107_1_val_1.fq.gz,/mnt/sas0/AD/lalli/nf_stage/trimmed_reads/HSB107_2_val_2.fq.gz,reverse
HSB121,/mnt/sas0/AD/lalli/nf_stage/trimmed_reads/HSB121_1_val_1.fq.gz,/mnt/sas0/AD/lalli/nf_stage/trimmed_reads/HSB121_2_val_2.fq.gz,reverse
HSB122,/mnt/sas0/AD/lalli/nf_stage/trimmed_reads/HSB122_1_val_1.fq.gz,/mnt/sas0/AD/lalli/nf_stage/trimmed_reads/HSB122_2_val_2.fq.gz,reverse
HSB127,/mnt/sas0/AD/lalli/nf_stage/trimmed_reads/HSB127_1_val_1.fq.gz,/mnt/sas0/AD/lalli/nf_stage/trimmed_reads/HSB127_2_val_2.fq.gz,reverse
HSB132,/mnt/sas0/AD/lalli/nf_stage/trimmed_reads/HSB132_1_val_1.fq.gz,/mnt/sas0/AD/lalli/nf_stage/trimmed_reads/HSB132_2_val_2.fq.gz,reverse
HSB139,/mnt/sas0/AD/lalli/nf_stage/trimmed_reads/HSB139_1_val_1.fq.gz,/mnt/sas0/AD/lalli/nf_stage/trimmed_reads/HSB139_2_val_2.fq.gz,reverse
HSB148,/mnt/sas0/AD/lalli/nf_stage/trimmed_reads/HSB148_1_val_1.fq.gz,/mnt/sas0/AD/lalli/nf_stage/trimmed_reads/HSB148_2_val_2.fq.gz,reverse
HSB150,/mnt/sas0/AD/lalli/nf_stage/trimmed_reads/HSB150_1_val_1.fq.gz,/mnt/sas0/AD/lalli/nf_stage/trimmed_reads/HSB150_2_val_2.fq.gz,reverse
HSB152,/mnt/sas0/AD/lalli/nf_stage/trimmed_reads/HSB152_1_val_1.fq.gz,/mnt/sas0/AD/lalli/nf_stage/trimmed_reads/HSB152_2_val_2.fq.gz,reverse
HSB154,/mnt/sas0/AD/lalli/nf_stage/trimmed_reads/HSB154_1_val_1.fq.gz,/mnt/sas0/AD/lalli/nf_stage/trimmed_reads/HSB154_2_val_2.fq.gz,reverse
HSB171,/mnt/sas0/AD/lalli/nf_stage/trimmed_reads/HSB171_1_val_1.fq.gz,/mnt/sas0/AD/lalli/nf_stage/trimmed_reads/HSB171_2_val_2.fq.gz,reverse
HSB172,/mnt/sas0/AD/lalli/nf_stage/trimmed_reads/HSB172_1_val_1.fq.gz,/mnt/sas0/AD/lalli/nf_stage/trimmed_reads/HSB172_2_val_2.fq.gz,reverse
HSB174,/mnt/sas0/AD/lalli/nf_stage/trimmed_reads/HSB174_1_val_1.fq.gz,/mnt/sas0/AD/lalli/nf_stage/trimmed_reads/HSB174_2_val_2.fq.gz,reverse
HSB194,/mnt/sas0/AD/lalli/nf_stage/trimmed_reads/HSB194_1_val_1.fq.gz,/mnt/sas0/AD/lalli/nf_stage/trimmed_reads/HSB194_2_val_2.fq.gz,reverse
HSB195,/mnt/sas0/AD/lalli/nf_stage/trimmed_reads/HSB195_1_val_1.fq.gz,/mnt/sas0/AD/lalli/nf_stage/trimmed_reads/HSB195_2_val_2.fq.gz,reverse
HSB221,/mnt/sas0/AD/lalli/nf_stage/trimmed_reads/HSB221_1_val_1.fq.gz,/mnt/sas0/AD/lalli/nf_stage/trimmed_reads/HSB221_2_val_2.fq.gz,reverse
HSB222,/mnt/sas0/AD/lalli/nf_stage/trimmed_reads/HSB222_1_val_1.fq.gz,/mnt/sas0/AD/lalli/nf_stage/trimmed_reads/HSB222_2_val_2.fq.gz,reverse
HSB223,/mnt/sas0/AD/lalli/nf_stage/trimmed_reads/HSB223_1_val_1.fq.gz,/mnt/sas0/AD/lalli/nf_stage/trimmed_reads/HSB223_2_val_2.fq.gz,reverse
HSB238,/mnt/sas0/AD/lalli/nf_stage/trimmed_reads/HSB238_1_val_1.fq.gz,/mnt/sas0/AD/lalli/nf_stage/trimmed_reads/HSB238_2_val_2.fq.gz,reverse
HSB248,/mnt/sas0/AD/lalli/nf_stage/trimmed_reads/HSB248_1_val_1.fq.gz,/mnt/sas0/AD/lalli/nf_stage/trimmed_reads/HSB248_2_val_2.fq.gz,reverse
HSB260,/mnt/sas0/AD/lalli/nf_stage/trimmed_reads/HSB260_1_val_1.fq.gz,/mnt/sas0/AD/lalli/nf_stage/trimmed_reads/HSB260_2_val_2.fq.gz,reverse
HSB261,/mnt/sas0/AD/lalli/nf_stage/trimmed_reads/HSB261_1_val_1.fq.gz,/mnt/sas0/AD/lalli/nf_stage/trimmed_reads/HSB261_2_val_2.fq.gz,reverse
HSB265,/mnt/sas0/AD/lalli/nf_stage/trimmed_reads/HSB265_1_val_1.fq.gz,/mnt/sas0/AD/lalli/nf_stage/trimmed_reads/HSB265_2_val_2.fq.gz,reverse
HSB267,/mnt/sas0/AD/lalli/nf_stage/trimmed_reads/HSB267_1_val_1.fq.gz,/mnt/sas0/AD/lalli/nf_stage/trimmed_reads/HSB267_2_val_2.fq.gz,reverse
HSB270,/mnt/sas0/AD/lalli/nf_stage/trimmed_reads/HSB270_1_val_1.fq.gz,/mnt/sas0/AD/lalli/nf_stage/trimmed_reads/HSB270_2_val_2.fq.gz,reverse
HSB272,/mnt/sas0/AD/lalli/nf_stage/trimmed_reads/HSB272_1_val_1.fq.gz,/mnt/sas0/AD/lalli/nf_stage/trimmed_reads/HSB272_2_val_2.fq.gz,reverse
HSB274,/mnt/sas0/AD/lalli/nf_stage/trimmed_reads/HSB274_1_val_1.fq.gz,/mnt/sas0/AD/lalli/nf_stage/trimmed_reads/HSB274_2_val_2.fq.gz,reverse
HSB275,/mnt/sas0/AD/lalli/nf_stage/trimmed_reads/HSB275_1_val_1.fq.gz,/mnt/sas0/AD/lalli/nf_stage/trimmed_reads/HSB275_2_val_2.fq.gz,reverse
HSB278,/mnt/sas0/AD/lalli/nf_stage/trimmed_reads/HSB278_1_val_1.fq.gz,/mnt/sas0/AD/lalli/nf_stage/trimmed_reads/HSB278_2_val_2.fq.gz,reverse
HSB282,/mnt/sas0/AD/lalli/nf_stage/trimmed_reads/HSB282_1_val_1.fq.gz,/mnt/sas0/AD/lalli/nf_stage/trimmed_reads/HSB282_2_val_2.fq.gz,reverse
HSB286,/mnt/sas0/AD/lalli/nf_stage/trimmed_reads/HSB286_1_val_1.fq.gz,/mnt/sas0/AD/lalli/nf_stage/trimmed_reads/HSB286_2_val_2.fq.gz,reverse
HSB289,/mnt/sas0/AD/lalli/nf_stage/trimmed_reads/HSB289_1_val_1.fq.gz,/mnt/sas0/AD/lalli/nf_stage/trimmed_reads/HSB289_2_val_2.fq.gz,reverse
HSB292,/mnt/sas0/AD/lalli/nf_stage/trimmed_reads/HSB292_1_val_1.fq.gz,/mnt/sas0/AD/lalli/nf_stage/trimmed_reads/HSB292_2_val_2.fq.gz,reverse
HSB316,/mnt/sas0/AD/lalli/nf_stage/trimmed_reads/HSB316_1_val_1.fq.gz,/mnt/sas0/AD/lalli/nf_stage/trimmed_reads/HSB316_2_val_2.fq.gz,reverse
HSB321,/mnt/sas0/AD/lalli/nf_stage/trimmed_reads/HSB321_1_val_1.fq.gz,/mnt/sas0/AD/lalli/nf_stage/trimmed_reads/HSB321_2_val_2.fq.gz,reverse
HSB322,/mnt/sas0/AD/lalli/nf_stage/trimmed_reads/HSB322_1_val_1.fq.gz,/mnt/sas0/AD/lalli/nf_stage/trimmed_reads/HSB322_2_val_2.fq.gz,reverse
HSB332,/mnt/sas0/AD/lalli/nf_stage/trimmed_reads/HSB332_1_val_1.fq.gz,/mnt/sas0/AD/lalli/nf_stage/trimmed_reads/HSB332_2_val_2.fq.gz,reverse
HSB337,/mnt/sas0/AD/lalli/nf_stage/trimmed_reads/HSB337_1_val_1.fq.gz,/mnt/sas0/AD/lalli/nf_stage/trimmed_reads/HSB337_2_val_2.fq.gz,reverse
HSB338,/mnt/sas0/AD/lalli/nf_stage/trimmed_reads/HSB338_1_val_1.fq.gz,/mnt/sas0/AD/lalli/nf_stage/trimmed_reads/HSB338_2_val_2.fq.gz,reverse
HSB339,/mnt/sas0/AD/lalli/nf_stage/trimmed_reads/HSB339_1_val_1.fq.gz,/mnt/sas0/AD/lalli/nf_stage/trimmed_reads/HSB339_2_val_2.fq.gz,reverse
HSB340,/mnt/sas0/AD/lalli/nf_stage/trimmed_reads/HSB340_1_val_1.fq.gz,/mnt/sas0/AD/lalli/nf_stage/trimmed_reads/HSB340_2_val_2.fq.gz,reverse
HSB341,/mnt/sas0/AD/lalli/nf_stage/trimmed_reads/HSB341_1_val_1.fq.gz,/mnt/sas0/AD/lalli/nf_stage/trimmed_reads/HSB341_2_val_2.fq.gz,reverse
HSB342,/mnt/sas0/AD/lalli/nf_stage/trimmed_reads/HSB342_1_val_1.fq.gz,/mnt/sas0/AD/lalli/nf_stage/trimmed_reads/HSB342_2_val_2.fq.gz,reverse
HSB343,/mnt/sas0/AD/lalli/nf_stage/trimmed_reads/HSB343_1_val_1.fq.gz,/mnt/sas0/AD/lalli/nf_stage/trimmed_reads/HSB343_2_val_2.fq.gz,reverse
HSB344,/mnt/sas0/AD/lalli/nf_stage/trimmed_reads/HSB344_1_val_1.fq.gz,/mnt/sas0/AD/lalli/nf_stage/trimmed_reads/HSB344_2_val_2.fq.gz,reverse
HSB345,/mnt/sas0/AD/lalli/nf_stage/trimmed_reads/HSB345_1_val_1.fq.gz,/mnt/sas0/AD/lalli/nf_stage/trimmed_reads/HSB345_2_val_2.fq.gz,reverse
HSB388,/mnt/sas0/AD/lalli/nf_stage/trimmed_reads/HSB388_1_val_1.fq.gz,/mnt/sas0/AD/lalli/nf_stage/trimmed_reads/HSB388_2_val_2.fq.gz,reverse
HSB389,/mnt/sas0/AD/lalli/nf_stage/trimmed_reads/HSB389_1_val_1.fq.gz,/mnt/sas0/AD/lalli/nf_stage/trimmed_reads/HSB389_2_val_2.fq.gz,reverse
HSB394,/mnt/sas0/AD/lalli/nf_stage/trimmed_reads/HSB394_1_val_1.fq.gz,/mnt/sas0/AD/lalli/nf_stage/trimmed_reads/HSB394_2_val_2.fq.gz,reverse
HSB395,/mnt/sas0/AD/lalli/nf_stage/trimmed_reads/HSB395_1_val_1.fq.gz,/mnt/sas0/AD/lalli/nf_stage/trimmed_reads/HSB395_2_val_2.fq.gz,reverse
HSB396,/mnt/sas0/AD/lalli/nf_stage/trimmed_reads/HSB396_1_val_1.fq.gz,/mnt/sas0/AD/lalli/nf_stage/trimmed_reads/HSB396_2_val_2.fq.gz,reverse
HSB398,/mnt/sas0/AD/lalli/nf_stage/trimmed_reads/HSB398_1_val_1.fq.gz,/mnt/sas0/AD/lalli/nf_stage/trimmed_reads/HSB398_2_val_2.fq.gz,reverse
HSB411,/mnt/sas0/AD/lalli/nf_stage/trimmed_reads/HSB411_1_val_1.fq.gz,/mnt/sas0/AD/lalli/nf_stage/trimmed_reads/HSB411_2_val_2.fq.gz,reverse
HSB412,/mnt/sas0/AD/lalli/nf_stage/trimmed_reads/HSB412_1_val_1.fq.gz,/mnt/sas0/AD/lalli/nf_stage/trimmed_reads/HSB412_2_val_2.fq.gz,reverse
HSB413,/mnt/sas0/AD/lalli/nf_stage/trimmed_reads/HSB413_1_val_1.fq.gz,/mnt/sas0/AD/lalli/nf_stage/trimmed_reads/HSB413_2_val_2.fq.gz,reverse
HSB414,/mnt/sas0/AD/lalli/nf_stage/trimmed_reads/HSB414_1_val_1.fq.gz,/mnt/sas0/AD/lalli/nf_stage/trimmed_reads/HSB414_2_val_2.fq.gz,reverse
HSB415,/mnt/sas0/AD/lalli/nf_stage/trimmed_reads/HSB415_1_val_1.fq.gz,/mnt/sas0/AD/lalli/nf_stage/trimmed_reads/HSB415_2_val_2.fq.gz,reverse
HSB416,/mnt/sas0/AD/lalli/nf_stage/trimmed_reads/HSB416_1_val_1.fq.gz,/mnt/sas0/AD/lalli/nf_stage/trimmed_reads/HSB416_2_val_2.fq.gz,reverse
HSB417,/mnt/sas0/AD/lalli/nf_stage/trimmed_reads/HSB417_1_val_1.fq.gz,/mnt/sas0/AD/lalli/nf_stage/trimmed_reads/HSB417_2_val_2.fq.gz,reverse
HSB418,/mnt/sas0/AD/lalli/nf_stage/trimmed_reads/HSB418_1_val_1.fq.gz,/mnt/sas0/AD/lalli/nf_stage/trimmed_reads/HSB418_2_val_2.fq.gz,reverse
HSB421,/mnt/sas0/AD/lalli/nf_stage/trimmed_reads/HSB421_1_val_1.fq.gz,/mnt/sas0/AD/lalli/nf_stage/trimmed_reads/HSB421_2_val_2.fq.gz,reverse
HSB422,/mnt/sas0/AD/lalli/nf_stage/trimmed_reads/HSB422_1_val_1.fq.gz,/mnt/sas0/AD/lalli/nf_stage/trimmed_reads/HSB422_2_val_2.fq.gz,reverse
HSB427,/mnt/sas0/AD/lalli/nf_stage/trimmed_reads/HSB427_1_val_1.fq.gz,/mnt/sas0/AD/lalli/nf_stage/trimmed_reads/HSB427_2_val_2.fq.gz,reverse
HSB428,/mnt/sas0/AD/lalli/nf_stage/trimmed_reads/HSB428_1_val_1.fq.gz,/mnt/sas0/AD/lalli/nf_stage/trimmed_reads/HSB428_2_val_2.fq.gz,reverse
HSB429,/mnt/sas0/AD/lalli/nf_stage/trimmed_reads/HSB429_1_val_1.fq.gz,/mnt/sas0/AD/lalli/nf_stage/trimmed_reads/HSB429_2_val_2.fq.gz,reverse
HSB430,/mnt/sas0/AD/lalli/nf_stage/trimmed_reads/HSB430_1_val_1.fq.gz,/mnt/sas0/AD/lalli/nf_stage/trimmed_reads/HSB430_2_val_2.fq.gz,reverse
HSB431,/mnt/sas0/AD/lalli/nf_stage/trimmed_reads/HSB431_1_val_1.fq.gz,/mnt/sas0/AD/lalli/nf_stage/trimmed_reads/HSB431_2_val_2.fq.gz,reverse
HSB432,/mnt/sas0/AD/lalli/nf_stage/trimmed_reads/HSB432_1_val_1.fq.gz,/mnt/sas0/AD/lalli/nf_stage/trimmed_reads/HSB432_2_val_2.fq.gz,reverse
HSB433,/mnt/sas0/AD/lalli/nf_stage/trimmed_reads/HSB433_1_val_1.fq.gz,/mnt/sas0/AD/lalli/nf_stage/trimmed_reads/HSB433_2_val_2.fq.gz,reverse
HSB439,/mnt/sas0/AD/lalli/nf_stage/trimmed_reads/HSB439_1_val_1.fq.gz,/mnt/sas0/AD/lalli/nf_stage/trimmed_reads/HSB439_2_val_2.fq.gz,reverse
HSB440,/mnt/sas0/AD/lalli/nf_stage/trimmed_reads/HSB440_1_val_1.fq.gz,/mnt/sas0/AD/lalli/nf_stage/trimmed_reads/HSB440_2_val_2.fq.gz,reverse
HSB442,/mnt/sas0/AD/lalli/nf_stage/trimmed_reads/HSB442_1_val_1.fq.gz,/mnt/sas0/AD/lalli/nf_stage/trimmed_reads/HSB442_2_val_2.fq.gz,reverse
HSB443,/mnt/sas0/AD/lalli/nf_stage/trimmed_reads/HSB443_1_val_1.fq.gz,/mnt/sas0/AD/lalli/nf_stage/trimmed_reads/HSB443_2_val_2.fq.gz,reverse
HSB444,/mnt/sas0/AD/lalli/nf_stage/trimmed_reads/HSB444_1_val_1.fq.gz,/mnt/sas0/AD/lalli/nf_stage/trimmed_reads/HSB444_2_val_2.fq.gz,reverse
HSB445,/mnt/sas0/AD/lalli/nf_stage/trimmed_reads/HSB445_1_val_1.fq.gz,/mnt/sas0/AD/lalli/nf_stage/trimmed_reads/HSB445_2_val_2.fq.gz,reverse
HSB452,/mnt/sas0/AD/lalli/nf_stage/trimmed_reads/HSB452_1_val_1.fq.gz,/mnt/sas0/AD/lalli/nf_stage/trimmed_reads/HSB452_2_val_2.fq.gz,reverse
HSB453,/mnt/sas0/AD/lalli/nf_stage/trimmed_reads/HSB453_1_val_1.fq.gz,/mnt/sas0/AD/lalli/nf_stage/trimmed_reads/HSB453_2_val_2.fq.gz,reverse
HSB454,/mnt/sas0/AD/lalli/nf_stage/trimmed_reads/HSB454_1_val_1.fq.gz,/mnt/sas0/AD/lalli/nf_stage/trimmed_reads/HSB454_2_val_2.fq.gz,reverse
HSB455,/mnt/sas0/AD/lalli/nf_stage/trimmed_reads/HSB455_1_val_1.fq.gz,/mnt/sas0/AD/lalli/nf_stage/trimmed_reads/HSB455_2_val_2.fq.gz,reverse
HSB456,/mnt/sas0/AD/lalli/nf_stage/trimmed_reads/HSB456_1_val_1.fq.gz,/mnt/sas0/AD/lalli/nf_stage/trimmed_reads/HSB456_2_val_2.fq.gz,reverse
HSB457,/mnt/sas0/AD/lalli/nf_stage/trimmed_reads/HSB457_1_val_1.fq.gz,/mnt/sas0/AD/lalli/nf_stage/trimmed_reads/HSB457_2_val_2.fq.gz,reverse
HSB460,/mnt/sas0/AD/lalli/nf_stage/trimmed_reads/HSB460_1_val_1.fq.gz,/mnt/sas0/AD/lalli/nf_stage/trimmed_reads/HSB460_2_val_2.fq.gz,reverse
HSB461,/mnt/sas0/AD/lalli/nf_stage/trimmed_reads/HSB461_1_val_1.fq.gz,/mnt/sas0/AD/lalli/nf_stage/trimmed_reads/HSB461_2_val_2.fq.gz,reverse
HSB463,/mnt/sas0/AD/lalli/nf_stage/trimmed_reads/HSB463_1_val_1.fq.gz,/mnt/sas0/AD/lalli/nf_stage/trimmed_reads/HSB463_2_val_2.fq.gz,reverse
HSB464,/mnt/sas0/AD/lalli/nf_stage/trimmed_reads/HSB464_1_val_1.fq.gz,/mnt/sas0/AD/lalli/nf_stage/trimmed_reads/HSB464_2_val_2.fq.gz,reverse
HSB465,/mnt/sas0/AD/lalli/nf_stage/trimmed_reads/HSB465_1_val_1.fq.gz,/mnt/sas0/AD/lalli/nf_stage/trimmed_reads/HSB465_2_val_2.fq.gz,reverse
HSB466,/mnt/sas0/AD/lalli/nf_stage/trimmed_reads/HSB466_1_val_1.fq.gz,/mnt/sas0/AD/lalli/nf_stage/trimmed_reads/HSB466_2_val_2.fq.gz,reverse
HSB467,/mnt/sas0/AD/lalli/nf_stage/trimmed_reads/HSB467_1_val_1.fq.gz,/mnt/sas0/AD/lalli/nf_stage/trimmed_reads/HSB467_2_val_2.fq.gz,reverse
HSB468,/mnt/sas0/AD/lalli/nf_stage/trimmed_reads/HSB468_1_val_1.fq.gz,/mnt/sas0/AD/lalli/nf_stage/trimmed_reads/HSB468_2_val_2.fq.gz,reverse
HSB469,/mnt/sas0/AD/lalli/nf_stage/trimmed_reads/HSB469_1_val_1.fq.gz,/mnt/sas0/AD/lalli/nf_stage/trimmed_reads/HSB469_2_val_2.fq.gz,reverse
HSB471,/mnt/sas0/AD/lalli/nf_stage/trimmed_reads/HSB471_1_val_1.fq.gz,/mnt/sas0/AD/lalli/nf_stage/trimmed_reads/HSB471_2_val_2.fq.gz,reverse
HSB472,/mnt/sas0/AD/lalli/nf_stage/trimmed_reads/HSB472_1_val_1.fq.gz,/mnt/sas0/AD/lalli/nf_stage/trimmed_reads/HSB472_2_val_2.fq.gz,reverse
HSB589,/mnt/sas0/AD/lalli/nf_stage/trimmed_reads/HSB473_1_val_1.fq.gz,/mnt/sas0/AD/lalli/nf_stage/trimmed_reads/HSB473_2_val_2.fq.gz,reverse
HSB474,/mnt/sas0/AD/lalli/nf_stage/trimmed_reads/HSB474_1_val_1.fq.gz,/mnt/sas0/AD/lalli/nf_stage/trimmed_reads/HSB474_2_val_2.fq.gz,reverse
HSB475,/mnt/sas0/AD/lalli/nf_stage/trimmed_reads/HSB475_1_val_1.fq.gz,/mnt/sas0/AD/lalli/nf_stage/trimmed_reads/HSB475_2_val_2.fq.gz,reverse
HSB476,/mnt/sas0/AD/lalli/nf_stage/trimmed_reads/HSB476_1_val_1.fq.gz,/mnt/sas0/AD/lalli/nf_stage/trimmed_reads/HSB476_2_val_2.fq.gz,reverse
HSB479,/mnt/sas0/AD/lalli/nf_stage/trimmed_reads/HSB479_1_val_1.fq.gz,/mnt/sas0/AD/lalli/nf_stage/trimmed_reads/HSB479_2_val_2.fq.gz,reverse
HSB480,/mnt/sas0/AD/lalli/nf_stage/trimmed_reads/HSB480_1_val_1.fq.gz,/mnt/sas0/AD/lalli/nf_stage/trimmed_reads/HSB480_2_val_2.fq.gz,reverse
HSB481,/mnt/sas0/AD/lalli/nf_stage/trimmed_reads/HSB481_1_val_1.fq.gz,/mnt/sas0/AD/lalli/nf_stage/trimmed_reads/HSB481_2_val_2.fq.gz,reverse
HSB482,/mnt/sas0/AD/lalli/nf_stage/trimmed_reads/HSB482_1_val_1.fq.gz,/mnt/sas0/AD/lalli/nf_stage/trimmed_reads/HSB482_2_val_2.fq.gz,reverse
HSB514,/mnt/sas0/AD/lalli/nf_stage/trimmed_reads/HSB484_1_val_1.fq.gz,/mnt/sas0/AD/lalli/nf_stage/trimmed_reads/HSB484_2_val_2.fq.gz,reverse
HSB485,/mnt/sas0/AD/lalli/nf_stage/trimmed_reads/HSB485_1_val_1.fq.gz,/mnt/sas0/AD/lalli/nf_stage/trimmed_reads/HSB485_2_val_2.fq.gz,reverse
HSB486,/mnt/sas0/AD/lalli/nf_stage/trimmed_reads/HSB486_1_val_1.fq.gz,/mnt/sas0/AD/lalli/nf_stage/trimmed_reads/HSB486_2_val_2.fq.gz,reverse
HSB487,/mnt/sas0/AD/lalli/nf_stage/trimmed_reads/HSB487_1_val_1.fq.gz,/mnt/sas0/AD/lalli/nf_stage/trimmed_reads/HSB487_2_val_2.fq.gz,reverse
HSB488,/mnt/sas0/AD/lalli/nf_stage/trimmed_reads/HSB488_1_val_1.fq.gz,/mnt/sas0/AD/lalli/nf_stage/trimmed_reads/HSB488_2_val_2.fq.gz,reverse
HSB489,/mnt/sas0/AD/lalli/nf_stage/trimmed_reads/HSB489_1_val_1.fq.gz,/mnt/sas0/AD/lalli/nf_stage/trimmed_reads/HSB489_2_val_2.fq.gz,reverse
HSB490,/mnt/sas0/AD/lalli/nf_stage/trimmed_reads/HSB490_1_val_1.fq.gz,/mnt/sas0/AD/lalli/nf_stage/trimmed_reads/HSB490_2_val_2.fq.gz,reverse
HSB492,/mnt/sas0/AD/lalli/nf_stage/trimmed_reads/HSB492_1_val_1.fq.gz,/mnt/sas0/AD/lalli/nf_stage/trimmed_reads/HSB492_2_val_2.fq.gz,reverse
HSB508,/mnt/sas0/AD/lalli/nf_stage/trimmed_reads/HSB493_1_val_1.fq.gz,/mnt/sas0/AD/lalli/nf_stage/trimmed_reads/HSB493_2_val_2.fq.gz,reverse
HSB494,/mnt/sas0/AD/lalli/nf_stage/trimmed_reads/HSB494_1_val_1.fq.gz,/mnt/sas0/AD/lalli/nf_stage/trimmed_reads/HSB494_2_val_2.fq.gz,reverse
HSB495,/mnt/sas0/AD/lalli/nf_stage/trimmed_reads/HSB495_1_val_1.fq.gz,/mnt/sas0/AD/lalli/nf_stage/trimmed_reads/HSB495_2_val_2.fq.gz,reverse
HSB496,/mnt/sas0/AD/lalli/nf_stage/trimmed_reads/HSB496_1_val_1.fq.gz,/mnt/sas0/AD/lalli/nf_stage/trimmed_reads/HSB496_2_val_2.fq.gz,reverse
HSB497,/mnt/sas0/AD/lalli/nf_stage/trimmed_reads/HSB497_1_val_1.fq.gz,/mnt/sas0/AD/lalli/nf_stage/trimmed_reads/HSB497_2_val_2.fq.gz,reverse
HSB498,/mnt/sas0/AD/lalli/nf_stage/trimmed_reads/HSB498_1_val_1.fq.gz,/mnt/sas0/AD/lalli/nf_stage/trimmed_reads/HSB498_2_val_2.fq.gz,reverse
HSB501,/mnt/sas0/AD/lalli/nf_stage/trimmed_reads/HSB501_1_val_1.fq.gz,/mnt/sas0/AD/lalli/nf_stage/trimmed_reads/HSB501_2_val_2.fq.gz,reverse
HSB502,/mnt/sas0/AD/lalli/nf_stage/trimmed_reads/HSB502_1_val_1.fq.gz,/mnt/sas0/AD/lalli/nf_stage/trimmed_reads/HSB502_2_val_2.fq.gz,reverse
HSB503,/mnt/sas0/AD/lalli/nf_stage/trimmed_reads/HSB503_1_val_1.fq.gz,/mnt/sas0/AD/lalli/nf_stage/trimmed_reads/HSB503_2_val_2.fq.gz,reverse
HSB504,/mnt/sas0/AD/lalli/nf_stage/trimmed_reads/HSB504_1_val_1.fq.gz,/mnt/sas0/AD/lalli/nf_stage/trimmed_reads/HSB504_2_val_2.fq.gz,reverse
HSB506,/mnt/sas0/AD/lalli/nf_stage/trimmed_reads/HSB506_1_val_1.fq.gz,/mnt/sas0/AD/lalli/nf_stage/trimmed_reads/HSB506_2_val_2.fq.gz,reverse
HSB493,/mnt/sas0/AD/lalli/nf_stage/trimmed_reads/HSB507_1_val_1.fq.gz,/mnt/sas0/AD/lalli/nf_stage/trimmed_reads/HSB507_2_val_2.fq.gz,reverse
HSB116,/mnt/sas0/AD/lalli/nf_stage/trimmed_reads/HSB508_1_val_1.fq.gz,/mnt/sas0/AD/lalli/nf_stage/trimmed_reads/HSB508_2_val_2.fq.gz,reverse
HSB509,/mnt/sas0/AD/lalli/nf_stage/trimmed_reads/HSB509_1_val_1.fq.gz,/mnt/sas0/AD/lalli/nf_stage/trimmed_reads/HSB509_2_val_2.fq.gz,reverse
HSB510,/mnt/sas0/AD/lalli/nf_stage/trimmed_reads/HSB510_1_val_1.fq.gz,/mnt/sas0/AD/lalli/nf_stage/trimmed_reads/HSB510_2_val_2.fq.gz,reverse
HSB511,/mnt/sas0/AD/lalli/nf_stage/trimmed_reads/HSB511_1_val_1.fq.gz,/mnt/sas0/AD/lalli/nf_stage/trimmed_reads/HSB511_2_val_2.fq.gz,reverse
HSB499,/mnt/sas0/AD/lalli/nf_stage/trimmed_reads/HSB513_1_val_1.fq.gz,/mnt/sas0/AD/lalli/nf_stage/trimmed_reads/HSB513_2_val_2.fq.gz,reverse
HSB514,/mnt/sas0/AD/lalli/nf_stage/trimmed_reads/HSB514_1_val_1.fq.gz,/mnt/sas0/AD/lalli/nf_stage/trimmed_reads/HSB514_2_val_2.fq.gz,reverse
HSB484,/mnt/sas0/AD/lalli/nf_stage/trimmed_reads/HSB515_1_val_1.fq.gz,/mnt/sas0/AD/lalli/nf_stage/trimmed_reads/HSB515_2_val_2.fq.gz,reverse
HSB516,/mnt/sas0/AD/lalli/nf_stage/trimmed_reads/HSB516_1_val_1.fq.gz,/mnt/sas0/AD/lalli/nf_stage/trimmed_reads/HSB516_2_val_2.fq.gz,reverse
HSB536,/mnt/sas0/AD/lalli/nf_stage/trimmed_reads/HSB536_1_val_1.fq.gz,/mnt/sas0/AD/lalli/nf_stage/trimmed_reads/HSB536_2_val_2.fq.gz,reverse
HSB543,/mnt/sas0/AD/lalli/nf_stage/trimmed_reads/HSB543_1_val_1.fq.gz,/mnt/sas0/AD/lalli/nf_stage/trimmed_reads/HSB543_2_val_2.fq.gz,reverse
HSB544,/mnt/sas0/AD/lalli/nf_stage/trimmed_reads/HSB544_1_val_1.fq.gz,/mnt/sas0/AD/lalli/nf_stage/trimmed_reads/HSB544_2_val_2.fq.gz,reverse
HSB545,/mnt/sas0/AD/lalli/nf_stage/trimmed_reads/HSB545_1_val_1.fq.gz,/mnt/sas0/AD/lalli/nf_stage/trimmed_reads/HSB545_2_val_2.fq.gz,reverse
HSB546,/mnt/sas0/AD/lalli/nf_stage/trimmed_reads/HSB546_1_val_1.fq.gz,/mnt/sas0/AD/lalli/nf_stage/trimmed_reads/HSB546_2_val_2.fq.gz,reverse
HSB547,/mnt/sas0/AD/lalli/nf_stage/trimmed_reads/HSB547_1_val_1.fq.gz,/mnt/sas0/AD/lalli/nf_stage/trimmed_reads/HSB547_2_val_2.fq.gz,reverse
HSB561,/mnt/sas0/AD/lalli/nf_stage/trimmed_reads/HSB561_1_val_1.fq.gz,/mnt/sas0/AD/lalli/nf_stage/trimmed_reads/HSB561_2_val_2.fq.gz,reverse
HSB562,/mnt/sas0/AD/lalli/nf_stage/trimmed_reads/HSB562_1_val_1.fq.gz,/mnt/sas0/AD/lalli/nf_stage/trimmed_reads/HSB562_2_val_2.fq.gz,reverse
HSB563,/mnt/sas0/AD/lalli/nf_stage/trimmed_reads/HSB563_1_val_1.fq.gz,/mnt/sas0/AD/lalli/nf_stage/trimmed_reads/HSB563_2_val_2.fq.gz,reverse
HSB564,/mnt/sas0/AD/lalli/nf_stage/trimmed_reads/HSB564_1_val_1.fq.gz,/mnt/sas0/AD/lalli/nf_stage/trimmed_reads/HSB564_2_val_2.fq.gz,reverse
HSB565,/mnt/sas0/AD/lalli/nf_stage/trimmed_reads/HSB565_1_val_1.fq.gz,/mnt/sas0/AD/lalli/nf_stage/trimmed_reads/HSB565_2_val_2.fq.gz,reverse
HSB566,/mnt/sas0/AD/lalli/nf_stage/trimmed_reads/HSB566_1_val_1.fq.gz,/mnt/sas0/AD/lalli/nf_stage/trimmed_reads/HSB566_2_val_2.fq.gz,reverse
HSB569,/mnt/sas0/AD/lalli/nf_stage/trimmed_reads/HSB569_1_val_1.fq.gz,/mnt/sas0/AD/lalli/nf_stage/trimmed_reads/HSB569_2_val_2.fq.gz,reverse
HSB571,/mnt/sas0/AD/lalli/nf_stage/trimmed_reads/HSB571_1_val_1.fq.gz,/mnt/sas0/AD/lalli/nf_stage/trimmed_reads/HSB571_2_val_2.fq.gz,reverse
HSB572,/mnt/sas0/AD/lalli/nf_stage/trimmed_reads/HSB572_1_val_1.fq.gz,/mnt/sas0/AD/lalli/nf_stage/trimmed_reads/HSB572_2_val_2.fq.gz,reverse
HSB577,/mnt/sas0/AD/lalli/nf_stage/trimmed_reads/HSB577_1_val_1.fq.gz,/mnt/sas0/AD/lalli/nf_stage/trimmed_reads/HSB577_2_val_2.fq.gz,reverse
HSB578,/mnt/sas0/AD/lalli/nf_stage/trimmed_reads/HSB578_1_val_1.fq.gz,/mnt/sas0/AD/lalli/nf_stage/trimmed_reads/HSB578_2_val_2.fq.gz,reverse
HSB579,/mnt/sas0/AD/lalli/nf_stage/trimmed_reads/HSB579_1_val_1.fq.gz,/mnt/sas0/AD/lalli/nf_stage/trimmed_reads/HSB579_2_val_2.fq.gz,reverse
HSB587,/mnt/sas0/AD/lalli/nf_stage/trimmed_reads/HSB583_1_val_1.fq.gz,/mnt/sas0/AD/lalli/nf_stage/trimmed_reads/HSB583_2_val_2.fq.gz,reverse
HSB590,/mnt/sas0/AD/lalli/nf_stage/trimmed_reads/HSB589_1_val_1.fq.gz,/mnt/sas0/AD/lalli/nf_stage/trimmed_reads/HSB589_2_val_2.fq.gz,reverse
HSB591,/mnt/sas0/AD/lalli/nf_stage/trimmed_reads/HSB590_1_val_1.fq.gz,/mnt/sas0/AD/lalli/nf_stage/trimmed_reads/HSB590_2_val_2.fq.gz,reverse
HSB593,/mnt/sas0/AD/lalli/nf_stage/trimmed_reads/HSB591_1_val_1.fq.gz,/mnt/sas0/AD/lalli/nf_stage/trimmed_reads/HSB591_2_val_2.fq.gz,reverse
HSB573,/mnt/sas0/AD/lalli/nf_stage/trimmed_reads/HSB593_1_val_1.fq.gz,/mnt/sas0/AD/lalli/nf_stage/trimmed_reads/HSB593_2_val_2.fq.gz,reverse
HSB594,/mnt/sas0/AD/lalli/nf_stage/trimmed_reads/HSB594_1_val_1.fq.gz,/mnt/sas0/AD/lalli/nf_stage/trimmed_reads/HSB594_2_val_2.fq.gz,reverse
HSB595,/mnt/sas0/AD/lalli/nf_stage/trimmed_reads/HSB595_1_val_1.fq.gz,/mnt/sas0/AD/lalli/nf_stage/trimmed_reads/HSB595_2_val_2.fq.gz,reverse
HSB596,/mnt/sas0/AD/lalli/nf_stage/trimmed_reads/HSB596_1_val_1.fq.gz,/mnt/sas0/AD/lalli/nf_stage/trimmed_reads/HSB596_2_val_2.fq.gz,reverse
HSB597,/mnt/sas0/AD/lalli/nf_stage/trimmed_reads/HSB597_1_val_1.fq.gz,/mnt/sas0/AD/lalli/nf_stage/trimmed_reads/HSB597_2_val_2.fq.gz,reverse
HSB598,/mnt/sas0/AD/lalli/nf_stage/trimmed_reads/HSB598_1_val_1.fq.gz,/mnt/sas0/AD/lalli/nf_stage/trimmed_reads/HSB598_2_val_2.fq.gz,reverse
HSB608,/mnt/sas0/AD/lalli/nf_stage/trimmed_reads/HSB608_1_val_1.fq.gz,/mnt/sas0/AD/lalli/nf_stage/trimmed_reads/HSB608_2_val_2.fq.gz,reverse
HSB615,/mnt/sas0/AD/lalli/nf_stage/trimmed_reads/HSB615_1_val_1.fq.gz,/mnt/sas0/AD/lalli/nf_stage/trimmed_reads/HSB615_2_val_2.fq.gz,reverse
HSB616,/mnt/sas0/AD/lalli/nf_stage/trimmed_reads/HSB616_1_val_1.fq.gz,/mnt/sas0/AD/lalli/nf_stage/trimmed_reads/HSB616_2_val_2.fq.gz,reverse
HSB618,/mnt/sas0/AD/lalli/nf_stage/trimmed_reads/HSB618_1_val_1.fq.gz,/mnt/sas0/AD/lalli/nf_stage/trimmed_reads/HSB618_2_val_2.fq.gz,reverse
HSB619,/mnt/sas0/AD/lalli/nf_stage/trimmed_reads/HSB619_1_val_1.fq.gz,/mnt/sas0/AD/lalli/nf_stage/trimmed_reads/HSB619_2_val_2.fq.gz,reverse
HSB459,/mnt/sas0/AD/lalli/nf_stage/trimmed_reads/HSB622_1_val_1.fq.gz,/mnt/sas0/AD/lalli/nf_stage/trimmed_reads/HSB622_2_val_2.fq.gz,reverse
HSB623,/mnt/sas0/AD/lalli/nf_stage/trimmed_reads/HSB623_1_val_1.fq.gz,/mnt/sas0/AD/lalli/nf_stage/trimmed_reads/HSB623_2_val_2.fq.gz,reverse
HSB624,/mnt/sas0/AD/lalli/nf_stage/trimmed_reads/HSB624_1_val_1.fq.gz,/mnt/sas0/AD/lalli/nf_stage/trimmed_reads/HSB624_2_val_2.fq.gz,reverse
HSB625,/mnt/sas0/AD/lalli/nf_stage/trimmed_reads/HSB625_1_val_1.fq.gz,/mnt/sas0/AD/lalli/nf_stage/trimmed_reads/HSB625_2_val_2.fq.gz,reverse
HSB626,/mnt/sas0/AD/lalli/nf_stage/trimmed_reads/HSB626_1_val_1.fq.gz,/mnt/sas0/AD/lalli/nf_stage/trimmed_reads/HSB626_2_val_2.fq.gz,reverse
HSB629,/mnt/sas0/AD/lalli/nf_stage/trimmed_reads/HSB629_1_val_1.fq.gz,/mnt/sas0/AD/lalli/nf_stage/trimmed_reads/HSB629_2_val_2.fq.gz,reverse
HSB630,/mnt/sas0/AD/lalli/nf_stage/trimmed_reads/HSB630_1_val_1.fq.gz,/mnt/sas0/AD/lalli/nf_stage/trimmed_reads/HSB630_2_val_2.fq.gz,reverse
HSB631,/mnt/sas0/AD/lalli/nf_stage/trimmed_reads/HSB631_1_val_1.fq.gz,/mnt/sas0/AD/lalli/nf_stage/trimmed_reads/HSB631_2_val_2.fq.gz,reverse
HSB633,/mnt/sas0/AD/lalli/nf_stage/trimmed_reads/HSB633_1_val_1.fq.gz,/mnt/sas0/AD/lalli/nf_stage/trimmed_reads/HSB633_2_val_2.fq.gz,reverse
HSB634,/mnt/sas0/AD/lalli/nf_stage/trimmed_reads/HSB634_1_val_1.fq.gz,/mnt/sas0/AD/lalli/nf_stage/trimmed_reads/HSB634_2_val_2.fq.gz,reverse
HSB637,/mnt/sas0/AD/lalli/nf_stage/trimmed_reads/HSB637_1_val_1.fq.gz,/mnt/sas0/AD/lalli/nf_stage/trimmed_reads/HSB637_2_val_2.fq.gz,reverse
HSB638,/mnt/sas0/AD/lalli/nf_stage/trimmed_reads/HSB638_1_val_1.fq.gz,/mnt/sas0/AD/lalli/nf_stage/trimmed_reads/HSB638_2_val_2.fq.gz,reverse
HSB643,/mnt/sas0/AD/lalli/nf_stage/trimmed_reads/HSB643_1_val_1.fq.gz,/mnt/sas0/AD/lalli/nf_stage/trimmed_reads/HSB643_2_val_2.fq.gz,reverse
HSB644,/mnt/sas0/AD/lalli/nf_stage/trimmed_reads/HSB644_1_val_1.fq.gz,/mnt/sas0/AD/lalli/nf_stage/trimmed_reads/HSB644_2_val_2.fq.gz,reverse
HSB645,/mnt/sas0/AD/lalli/nf_stage/trimmed_reads/HSB645_1_val_1.fq.gz,/mnt/sas0/AD/lalli/nf_stage/trimmed_reads/HSB645_2_val_2.fq.gz,reverse
HSB646,/mnt/sas0/AD/lalli/nf_stage/trimmed_reads/HSB646_1_val_1.fq.gz,/mnt/sas0/AD/lalli/nf_stage/trimmed_reads/HSB646_2_val_2.fq.gz,reverse
HSB649,/mnt/sas0/AD/lalli/nf_stage/trimmed_reads/HSB649_1_val_1.fq.gz,/mnt/sas0/AD/lalli/nf_stage/trimmed_reads/HSB649_2_val_2.fq.gz,reverse
HSB650,/mnt/sas0/AD/lalli/nf_stage/trimmed_reads/HSB650_1_val_1.fq.gz,/mnt/sas0/AD/lalli/nf_stage/trimmed_reads/HSB650_2_val_2.fq.gz,reverse
HSB651,/mnt/sas0/AD/lalli/nf_stage/trimmed_reads/HSB651_1_val_1.fq.gz,/mnt/sas0/AD/lalli/nf_stage/trimmed_reads/HSB651_2_val_2.fq.gz,reverse
HSB652,/mnt/sas0/AD/lalli/nf_stage/trimmed_reads/HSB652_1_val_1.fq.gz,/mnt/sas0/AD/lalli/nf_stage/trimmed_reads/HSB652_2_val_2.fq.gz,reverse
HSB653,/mnt/sas0/AD/lalli/nf_stage/trimmed_reads/HSB653_1_val_1.fq.gz,/mnt/sas0/AD/lalli/nf_stage/trimmed_reads/HSB653_2_val_2.fq.gz,reverse
HSB654,/mnt/sas0/AD/lalli/nf_stage/trimmed_reads/HSB654_1_val_1.fq.gz,/mnt/sas0/AD/lalli/nf_stage/trimmed_reads/HSB654_2_val_2.fq.gz,reverse
HSB657,/mnt/sas0/AD/lalli/nf_stage/trimmed_reads/HSB657_1_val_1.fq.gz,/mnt/sas0/AD/lalli/nf_stage/trimmed_reads/HSB657_2_val_2.fq.gz,reverse
HSB666,/mnt/sas0/AD/lalli/nf_stage/trimmed_reads/HSB666_1_val_1.fq.gz,/mnt/sas0/AD/lalli/nf_stage/trimmed_reads/HSB666_2_val_2.fq.gz,reverse
HSB669,/mnt/sas0/AD/lalli/nf_stage/trimmed_reads/HSB669_1_val_1.fq.gz,/mnt/sas0/AD/lalli/nf_stage/trimmed_reads/HSB669_2_val_2.fq.gz,reverse
HSB670,/mnt/sas0/AD/lalli/nf_stage/trimmed_reads/HSB670_1_val_1.fq.gz,/mnt/sas0/AD/lalli/nf_stage/trimmed_reads/HSB670_2_val_2.fq.gz,reverse
HSB671,/mnt/sas0/AD/lalli/nf_stage/trimmed_reads/HSB671_1_val_1.fq.gz,/mnt/sas0/AD/lalli/nf_stage/trimmed_reads/HSB671_2_val_2.fq.gz,reverse
HSB672,/mnt/sas0/AD/lalli/nf_stage/trimmed_reads/HSB672_1_val_1.fq.gz,/mnt/sas0/AD/lalli/nf_stage/trimmed_reads/HSB672_2_val_2.fq.gz,reverse
HSB674,/mnt/sas0/AD/lalli/nf_stage/trimmed_reads/HSB674_1_val_1.fq.gz,/mnt/sas0/AD/lalli/nf_stage/trimmed_reads/HSB674_2_val_2.fq.gz,reverse
HSB676,/mnt/sas0/AD/lalli/nf_stage/trimmed_reads/HSB676_1_val_1.fq.gz,/mnt/sas0/AD/lalli/nf_stage/trimmed_reads/HSB676_2_val_2.fq.gz,reverse
HSB679,/mnt/sas0/AD/lalli/nf_stage/trimmed_reads/HSB679_1_val_1.fq.gz,/mnt/sas0/AD/lalli/nf_stage/trimmed_reads/HSB679_2_val_2.fq.gz,reverse
